{
  "bottom": [
    [
      -0.25887247544765896,
      -0.21281281058779572,
      2548.1196703212763
    ],
    [
      0.6173754597354834,
      1.4708684530781653,
      -362.8695544243743
    ],
    [
      -0.0001663556932469262,
      0.0017784151513921922,
      1.0
    ]
  ],
  "top": [
    [
      1.4259879636013861,
      10.990032526060446,
      -2093.5396673535793
    ],
    [
      -1.3295325883952818,
      2.4701103154898743,
      3886.622357033879
    ],
    [
      0.0007593261215579738,
      0.0032359673718821837,
      1.0
    ]
  ],
  "top_ml": true,
  "bottom_ml": true
}